<?xml version="1.0" encoding="UTF-8"?>
<jobs xmlns="http://www.demandware.com/xml/impex/jobs/2015-07-01">
    <job job-id="BackInStockCheck" priority="0">
        <description>TO DO:  my discribtion</description>
        <parameters/>
        <flow>
            <context site-id="Sites"/>
            <step step-id="BackInStockCheck" type="custom.BackInStockCheck" enforce-restart="false">
                <description>check if some of subscribed products is back in stock, if yes goes to sms controller</description>
                <parameters/>
            </step>
        </flow>
        <rules/>
        <triggers>
            <run-once enabled="true">
                <date>2022-01-16Z</date>
                <time>23:30:47.000Z</time>
            </run-once>
        </triggers>
    </job>

    <job job-id="RebuildURLs" priority="0">
        <description/>
        <parameters/>
        <split sequential="false">
            <contexts template-ref="template_40">
                <context site-id="RefArch"/>
                <context site-id="RefArchGlobal"/>
            </contexts>
            <flow-template template-id="template_40">
                <step step-id="RebuildURLs" type="UpdateStorefrontURLs" enforce-restart="false">
                    <description/>
                    <parameters/>
                </step>
            </flow-template>
        </split>
        <rules/>
        <triggers>
            <run-once enabled="false">
                <date>2018-06-25Z</date>
                <time>05:38:35.000Z</time>
            </run-once>
        </triggers>
    </job>

    <job job-id="Reindex" priority="0">
        <description/>
        <parameters/>
        <split sequential="false">
            <contexts template-ref="template_45">
                <context site-id="RefArch"/>
                <context site-id="RefArchGlobal"/>
            </contexts>
            <flow-template template-id="template_45">
                <step step-id="Reindex" type="SearchReindex" enforce-restart="false">
                    <description/>
                    <parameters>
                        <parameter name="Product related search indexes">true</parameter>
                        <parameter name="Active data search index">true</parameter>
                        <parameter name="Content search index">true</parameter>
                        <parameter name="Indexer Type">Full Index Rebuild</parameter>
                    </parameters>
                </step>
            </flow-template>
        </split>
        <rules/>
        <triggers>
            <run-once enabled="false">
                <date>2018-06-25Z</date>
                <time>05:36:56.000Z</time>
            </run-once>
        </triggers>
    </job>

    <job job-id="SendEmail" priority="0">
        <description/>
        <parameters/>
        <flow>
            <context site-id="Sites"/>
        </flow>
        <rules/>
        <triggers>
            <run-once enabled="false">
                <date>2022-01-03Z</date>
                <time>14:44:25.000Z</time>
            </run-once>
        </triggers>
    </job>

</jobs>
