<?xml version="1.0" encoding="UTF-8"?>
<services xmlns="http://www.demandware.com/xml/impex/services/2014-09-26">
    <service-credential service-credential-id="star.wars.credentials">
        <url>https://swapi.dev/api/starships/9/</url>
        <user-id/>
        <password masked="true">********</password>
    </service-credential>

    <service-credential service-credential-id="twilio_credentials">
        <url>https://api.twilio.com/2010-04-01/Accounts/ACf6ba735846cdcd70d3fcc5e7a37adfc9/Messages.json</url>
        <user-id>ACf6ba735846cdcd70d3fcc5e7a37adfc9</user-id>
        <password masked="true">********</password>
    </service-credential>

    <service-profile service-profile-id="star.wars.profile">
        <timeout-millis>3000</timeout-millis>
        <rate-limit-enabled>false</rate-limit-enabled>
        <rate-limit-calls>0</rate-limit-calls>
        <rate-limit-millis>0</rate-limit-millis>
        <cb-enabled>true</cb-enabled>
        <cb-calls>0</cb-calls>
        <cb-millis>0</cb-millis>
    </service-profile>

    <service-profile service-profile-id="twilio_profile">
        <timeout-millis>3000</timeout-millis>
        <rate-limit-enabled>false</rate-limit-enabled>
        <rate-limit-calls>0</rate-limit-calls>
        <rate-limit-millis>0</rate-limit-millis>
        <cb-enabled>true</cb-enabled>
        <cb-calls>0</cb-calls>
        <cb-millis>0</cb-millis>
    </service-profile>

    <service service-id="http.starwars.getstarwars">
        <service-type>HTTP</service-type>
        <enabled>true</enabled>
        <log-prefix/>
        <comm-log-enabled>false</comm-log-enabled>
        <force-prd-enabled>false</force-prd-enabled>
        <mock-mode-enabled>false</mock-mode-enabled>
        <profile-id>star.wars.profile</profile-id>
        <credential-id>star.wars.credentials</credential-id>
    </service>

    <service service-id="plugin_backinstock.https.twilio.send">
        <service-type>HTTPForm</service-type>
        <enabled>true</enabled>
        <log-prefix>twilio</log-prefix>
        <comm-log-enabled>true</comm-log-enabled>
        <force-prd-enabled>false</force-prd-enabled>
        <mock-mode-enabled>false</mock-mode-enabled>
        <profile-id>twilio_profile</profile-id>
        <credential-id>twilio_credentials</credential-id>
    </service>

</services>
