<?xml version="1.0" encoding="UTF-8"?>
<metadata xmlns="http://www.demandware.com/xml/impex/metadata/2006-10-31">
    <custom-type type-id="MySubscribtion">
        <display-name xml:lang="x-default">MySubscribtion</display-name>
        <description xml:lang="x-default">MySubscribtion</description>
        <staging-mode>no-staging</staging-mode>
        <storage-scope>site</storage-scope>
        <retention-days>60</retention-days>
        <key-definition attribute-id="id">
            <display-name xml:lang="x-default">id</display-name>
            <description xml:lang="x-default">id</description>
            <type>string</type>
            <min-length>0</min-length>
        </key-definition>
        <attribute-definitions>
            <attribute-definition attribute-id="msEmail">
                <display-name xml:lang="x-default">msEmail</display-name>
                <description xml:lang="x-default">msEmail</description>
                <type>email</type>
                <localizable-flag>false</localizable-flag>
                <mandatory-flag>true</mandatory-flag>
                <externally-managed-flag>false</externally-managed-flag>
            </attribute-definition>
            <attribute-definition attribute-id="msFirstName">
                <display-name xml:lang="x-default">msFirstName</display-name>
                <description xml:lang="x-default">msFirstName</description>
                <type>string</type>
                <localizable-flag>false</localizable-flag>
                <mandatory-flag>true</mandatory-flag>
                <externally-managed-flag>false</externally-managed-flag>
                <min-length>0</min-length>
            </attribute-definition>
            <attribute-definition attribute-id="msGender">
                <display-name xml:lang="x-default">msGender</display-name>
                <description xml:lang="x-default">msGender</description>
                <type>string</type>
                <localizable-flag>false</localizable-flag>
                <mandatory-flag>false</mandatory-flag>
                <externally-managed-flag>false</externally-managed-flag>
                <min-length>0</min-length>
            </attribute-definition>
            <attribute-definition attribute-id="msLastName">
                <display-name xml:lang="x-default">msLastName</display-name>
                <description xml:lang="x-default">msLastName</description>
                <type>string</type>
                <localizable-flag>false</localizable-flag>
                <mandatory-flag>true</mandatory-flag>
                <externally-managed-flag>false</externally-managed-flag>
                <min-length>0</min-length>
            </attribute-definition>
        </attribute-definitions>
        <group-definitions>
            <attribute-group group-id="MySubscribtionGroup">
                <display-name xml:lang="x-default">MySubscribtionGroup</display-name>
                <attribute attribute-id="msFirstName"/>
                <attribute attribute-id="msLastName"/>
                <attribute attribute-id="msEmail"/>
                <attribute attribute-id="msGender"/>
                <attribute attribute-id="id"/>
            </attribute-group>
        </group-definitions>
    </custom-type>

    <custom-type type-id="Nick_NewsletterSubscription">
        <display-name xml:lang="x-default">Nick2_NewsletterSubscription</display-name>
        <description xml:lang="x-default">Nick2_NewsletterSubscription</description>
        <staging-mode>no-staging</staging-mode>
        <storage-scope>site</storage-scope>
        <retention-days>30</retention-days>
        <key-definition attribute-id="Nick2_email">
            <display-name xml:lang="x-default">Nick2_email</display-name>
            <description xml:lang="x-default">Nick2_email</description>
            <type>string</type>
            <min-length>0</min-length>
        </key-definition>
        <attribute-definitions>
            <attribute-definition attribute-id="Nick2_firstName">
                <display-name xml:lang="x-default">Nick2_firstName</display-name>
                <description xml:lang="x-default">Nick2_firstName</description>
                <type>string</type>
                <localizable-flag>false</localizable-flag>
                <mandatory-flag>true</mandatory-flag>
                <externally-managed-flag>false</externally-managed-flag>
                <min-length>0</min-length>
            </attribute-definition>
            <attribute-definition attribute-id="Nick2_lastName">
                <display-name xml:lang="x-default">Nick2_lastName</display-name>
                <description xml:lang="x-default">Nick2_lastName</description>
                <type>string</type>
                <localizable-flag>false</localizable-flag>
                <mandatory-flag>true</mandatory-flag>
                <externally-managed-flag>false</externally-managed-flag>
                <min-length>0</min-length>
            </attribute-definition>
        </attribute-definitions>
        <group-definitions>
            <attribute-group group-id="Nick2_NewsletterSubscriptionCO">
                <display-name xml:lang="x-default">Nick2_Presentation</display-name>
                <attribute attribute-id="Nick2_firstName"/>
                <attribute attribute-id="Nick2_lastName"/>
                <attribute attribute-id="Nick2_email"/>
            </attribute-group>
        </group-definitions>
    </custom-type>

    <custom-type type-id="NotifyMeBackInStock">
        <display-name xml:lang="x-default">NotifyMeBackInStock</display-name>
        <description xml:lang="x-default">NotifyMeBackInStock</description>
        <staging-mode>no-staging</staging-mode>
        <storage-scope>organization</storage-scope>
        <retention-days>30</retention-days>
        <key-definition attribute-id="productId">
            <display-name xml:lang="x-default">productId</display-name>
            <description xml:lang="x-default">productId</description>
            <type>string</type>
            <min-length>0</min-length>
        </key-definition>
        <attribute-definitions>
            <attribute-definition attribute-id="phoneNumbers">
                <display-name xml:lang="x-default">phoneNumbers</display-name>
                <description xml:lang="x-default">phoneNumbers</description>
                <type>string</type>
                <localizable-flag>false</localizable-flag>
                <mandatory-flag>true</mandatory-flag>
                <externally-managed-flag>false</externally-managed-flag>
                <min-length>0</min-length>
            </attribute-definition>
        </attribute-definitions>
        <group-definitions>
            <attribute-group group-id="NotifyMeBackInStockGroup">
                <display-name xml:lang="x-default">NotifyMeBackInStockGroup</display-name>
                <attribute attribute-id="phoneNumbers"/>
                <attribute attribute-id="productId"/>
            </attribute-group>
        </group-definitions>
    </custom-type>

</metadata>
